Title,Company Name,Job Link
(Senior) Product Manager,LingoAce,https://www.linkedin.com/jobs/view/senior-product-manager-at-lingoace-2990285178?refId=4DA3i8n8oqXQMkbIc7%2B8FA%3D%3D&trackingId=bMI0RPgjExp7PjuWJ85vnw%3D%3D&position=1&pageNum=0&trk=public_jobs_jserp-result_search-card
Associate Product Manager Intern - Summer 2023,LinkedIn,https://www.linkedin.com/jobs/view/associate-product-manager-intern-summer-2023-at-linkedin-3264555280?refId=4DA3i8n8oqXQMkbIc7%2B8FA%3D%3D&trackingId=RP87863hC7Hoiirj9CMwkA%3D%3D&position=2&pageNum=0&trk=public_jobs_jserp-result_search-card
Product Manager Intern,Second Dinner,https://www.linkedin.com/jobs/view/product-manager-intern-at-second-dinner-3261485742?refId=4DA3i8n8oqXQMkbIc7%2B8FA%3D%3D&trackingId=mR5%2FCA6oXHKFWk260LyagQ%3D%3D&position=3&pageNum=0&trk=public_jobs_jserp-result_search-card
"Associate Product Manager, Intern",Duolingo,https://www.linkedin.com/jobs/view/associate-product-manager-intern-at-duolingo-3224855193?refId=4DA3i8n8oqXQMkbIc7%2B8FA%3D%3D&trackingId=TTKU4Y1JCd%2FHq5g5kSwD4g%3D%3D&position=4&pageNum=0&trk=public_jobs_jserp-result_search-card
Product Manager Intern,Intuit,https://www.linkedin.com/jobs/view/product-manager-intern-at-intuit-3249609053?refId=4DA3i8n8oqXQMkbIc7%2B8FA%3D%3D&trackingId=Kjic5QKTlFeJQ2c4LyRdOg%3D%3D&position=5&pageNum=0&trk=public_jobs_jserp-result_search-card
Product Management: Intern Opportunities for University Students,Microsoft,https://www.linkedin.com/jobs/view/product-management-intern-opportunities-for-university-students-at-microsoft-3203328878?refId=4DA3i8n8oqXQMkbIc7%2B8FA%3D%3D&trackingId=csbfGSRZ6OPpWMaJ0HkHeg%3D%3D&position=6&pageNum=0&trk=public_jobs_jserp-result_search-card
Product Management: Intern Opportunities for University Students,Microsoft,https://www.linkedin.com/jobs/view/product-management-intern-opportunities-for-university-students-at-microsoft-3203333211?refId=4DA3i8n8oqXQMkbIc7%2B8FA%3D%3D&trackingId=IEII6RIF42MwQxhoNah7ag%3D%3D&position=7&pageNum=0&trk=public_jobs_jserp-result_search-card
Product Management: Intern Opportunities for University Students,Microsoft,https://www.linkedin.com/jobs/view/product-management-intern-opportunities-for-university-students-at-microsoft-3203327990?refId=4DA3i8n8oqXQMkbIc7%2B8FA%3D%3D&trackingId=8fDwCRemQBEMZuLJXXSXgA%3D%3D&position=8&pageNum=0&trk=public_jobs_jserp-result_search-card
Arity - Product Manager Intern,Allstate,https://www.linkedin.com/jobs/view/arity-product-manager-intern-at-allstate-3266401990?refId=4DA3i8n8oqXQMkbIc7%2B8FA%3D%3D&trackingId=RaNHNbOsbAREasU5k9qZ5g%3D%3D&position=9&pageNum=0&trk=public_jobs_jserp-result_search-card
Product Management: Intern Opportunities for University Students,Microsoft,https://www.linkedin.com/jobs/view/product-management-intern-opportunities-for-university-students-at-microsoft-3203328879?refId=4DA3i8n8oqXQMkbIc7%2B8FA%3D%3D&trackingId=hS9MtRbJKY5yitf71olhLQ%3D%3D&position=10&pageNum=0&trk=public_jobs_jserp-result_search-card
Product Management: Intern Opportunities for University Students,Microsoft,https://www.linkedin.com/jobs/view/product-management-intern-opportunities-for-university-students-at-microsoft-3203330682?refId=4DA3i8n8oqXQMkbIc7%2B8FA%3D%3D&trackingId=PvlZ6C0jWzfXTweGChC%2F1w%3D%3D&position=11&pageNum=0&trk=public_jobs_jserp-result_search-card
Product Manager Intern (MBA),Riot Games,https://www.linkedin.com/jobs/view/product-manager-intern-mba-at-riot-games-3249338186?refId=4DA3i8n8oqXQMkbIc7%2B8FA%3D%3D&trackingId=8foTNPqzGROGehXGaIB3Lw%3D%3D&position=12&pageNum=0&trk=public_jobs_jserp-result_search-card
Intern - Product Manager,WayUp,https://www.linkedin.com/jobs/view/intern-product-manager-at-wayup-3265935488?refId=4DA3i8n8oqXQMkbIc7%2B8FA%3D%3D&trackingId=oaGEJJ%2FCp42yFMR9A9pXUw%3D%3D&position=13&pageNum=0&trk=public_jobs_jserp-result_search-card
Product Manager - Intern,Datadog,https://www.linkedin.com/jobs/view/product-manager-intern-at-datadog-3241913326?refId=4DA3i8n8oqXQMkbIc7%2B8FA%3D%3D&trackingId=t8C6GHVQQmVuF75V6jmQyw%3D%3D&position=14&pageNum=0&trk=public_jobs_jserp-result_search-card
Intern - Product Manager,WayUp,https://www.linkedin.com/jobs/view/intern-product-manager-at-wayup-3265934071?refId=4DA3i8n8oqXQMkbIc7%2B8FA%3D%3D&trackingId=z3X9WsyC%2BWzLCCxb6WtVYQ%3D%3D&position=15&pageNum=0&trk=public_jobs_jserp-result_search-card
Associate Product Manager Intern Summer 2023,Hudl,https://www.linkedin.com/jobs/view/associate-product-manager-intern-summer-2023-at-hudl-3231974677?refId=4DA3i8n8oqXQMkbIc7%2B8FA%3D%3D&trackingId=xPqUL7uBI68%2FLfvMSqacig%3D%3D&position=16&pageNum=0&trk=public_jobs_jserp-result_search-card
Product Management: Intern Opportunities for University Students,Microsoft,https://www.linkedin.com/jobs/view/product-management-intern-opportunities-for-university-students-at-microsoft-3203328882?refId=4DA3i8n8oqXQMkbIc7%2B8FA%3D%3D&trackingId=lYvl7AGdLzD30tXBudWTxA%3D%3D&position=17&pageNum=0&trk=public_jobs_jserp-result_search-card
Product Management: Intern Opportunities for University Students,Microsoft,https://www.linkedin.com/jobs/view/product-management-intern-opportunities-for-university-students-at-microsoft-3203327997?refId=4DA3i8n8oqXQMkbIc7%2B8FA%3D%3D&trackingId=KrjvjpjwAwdHlY%2BjahO80Q%3D%3D&position=18&pageNum=0&trk=public_jobs_jserp-result_search-card
Product Management: Intern Opportunities for University Students,Microsoft,https://www.linkedin.com/jobs/view/product-management-intern-opportunities-for-university-students-at-microsoft-3203328873?refId=4DA3i8n8oqXQMkbIc7%2B8FA%3D%3D&trackingId=qaNVNo9HUapEBV%2BSNMWd%2BA%3D%3D&position=19&pageNum=0&trk=public_jobs_jserp-result_search-card
Product Management: Intern Opportunities for University Students,Microsoft,https://www.linkedin.com/jobs/view/product-management-intern-opportunities-for-university-students-at-microsoft-3203334096?refId=4DA3i8n8oqXQMkbIc7%2B8FA%3D%3D&trackingId=0KyidYL43UCxr68QS0PUtQ%3D%3D&position=20&pageNum=0&trk=public_jobs_jserp-result_search-card
Arity - Product Manager Intern,Arity,https://www.linkedin.com/jobs/view/arity-product-manager-intern-at-arity-3267711934?refId=4DA3i8n8oqXQMkbIc7%2B8FA%3D%3D&trackingId=QWQCgMYOwu%2F%2FFmmMWnvFNA%3D%3D&position=21&pageNum=0&trk=public_jobs_jserp-result_search-card
Intern - Product Manager,WayUp,https://www.linkedin.com/jobs/view/intern-product-manager-at-wayup-3265928499?refId=4DA3i8n8oqXQMkbIc7%2B8FA%3D%3D&trackingId=GKlwUlY0B9DIThJp6dpMhg%3D%3D&position=22&pageNum=0&trk=public_jobs_jserp-result_search-card
Associate I,"FutureSense, LLC",https://www.linkedin.com/jobs/view/associate-i-at-futuresense-llc-3238867055?refId=4DA3i8n8oqXQMkbIc7%2B8FA%3D%3D&trackingId=az8ubwaEhh9Tx83wZcBvXA%3D%3D&position=23&pageNum=0&trk=public_jobs_jserp-result_search-card
Product Management: Intern Opportunities for University Students,Microsoft,https://www.linkedin.com/jobs/view/product-management-intern-opportunities-for-university-students-at-microsoft-3203331488?refId=4DA3i8n8oqXQMkbIc7%2B8FA%3D%3D&trackingId=bFmHXtnJcx%2Bae6%2BiJdtd4g%3D%3D&position=24&pageNum=0&trk=public_jobs_jserp-result_search-card
Product Management: Intern Opportunities for University Students,Microsoft,https://www.linkedin.com/jobs/view/product-management-intern-opportunities-for-university-students-at-microsoft-3203333219?refId=4DA3i8n8oqXQMkbIc7%2B8FA%3D%3D&trackingId=KOWt%2Fa5d6%2BIp3dfTlmi6wA%3D%3D&position=25&pageNum=0&trk=public_jobs_jserp-result_search-card
Product Management: Intern Opportunities for University Students,Microsoft,https://www.linkedin.com/jobs/view/product-management-intern-opportunities-for-university-students-at-microsoft-3203333219?refId=tJxU5xYPeZBARHH8ysPsaQ%3D%3D&trackingId=Eu4XqIqCL8vm3PX8%2FNIKlw%3D%3D&position=1&pageNum=1&trk=public_jobs_jserp-result_search-card
Product Manager - Intern (2023 Start),Databricks,https://www.linkedin.com/jobs/view/product-manager-intern-2023-start-at-databricks-3245821274?refId=tJxU5xYPeZBARHH8ysPsaQ%3D%3D&trackingId=0CZ4y%2FcMldHzW9mbFrAjKw%3D%3D&position=2&pageNum=1&trk=public_jobs_jserp-result_search-card
Product Management: Intern Opportunities for University Students,Microsoft,https://www.linkedin.com/jobs/view/product-management-intern-opportunities-for-university-students-at-microsoft-3203329842?refId=tJxU5xYPeZBARHH8ysPsaQ%3D%3D&trackingId=UwHeead%2FWUywMObz4JdZ0g%3D%3D&position=3&pageNum=1&trk=public_jobs_jserp-result_search-card
Product Management: Intern Opportunities for University Students,Microsoft,https://www.linkedin.com/jobs/view/product-management-intern-opportunities-for-university-students-at-microsoft-3203334098?refId=tJxU5xYPeZBARHH8ysPsaQ%3D%3D&trackingId=C64tYwgZa%2FiWDjcsd8vNwA%3D%3D&position=4&pageNum=1&trk=public_jobs_jserp-result_search-card
Product Management: Intern Opportunities for University Students,Microsoft,https://www.linkedin.com/jobs/view/product-management-intern-opportunities-for-university-students-at-microsoft-3203334106?refId=tJxU5xYPeZBARHH8ysPsaQ%3D%3D&trackingId=LrCa%2B2st5UpJu3JqCVWMsQ%3D%3D&position=5&pageNum=1&trk=public_jobs_jserp-result_search-card
Product Management: Intern Opportunities for University Students,Microsoft,https://www.linkedin.com/jobs/view/product-management-intern-opportunities-for-university-students-at-microsoft-3203330696?refId=tJxU5xYPeZBARHH8ysPsaQ%3D%3D&trackingId=SO0l3lvAbtb8qgoAedGR0g%3D%3D&position=6&pageNum=1&trk=public_jobs_jserp-result_search-card
Product Management: Intern Opportunities for University Students,Microsoft,https://www.linkedin.com/jobs/view/product-management-intern-opportunities-for-university-students-at-microsoft-3203327999?refId=tJxU5xYPeZBARHH8ysPsaQ%3D%3D&trackingId=yT0WNDKS%2B0j%2Fn83OaiYD9w%3D%3D&position=7&pageNum=1&trk=public_jobs_jserp-result_search-card
Product Manager Intern,Appian Corporation,https://www.linkedin.com/jobs/view/product-manager-intern-at-appian-corporation-3242369563?refId=tJxU5xYPeZBARHH8ysPsaQ%3D%3D&trackingId=wCH2gsrvrKSHiZrJTXFkoA%3D%3D&position=8&pageNum=1&trk=public_jobs_jserp-result_search-card
Product Management: Intern Opportunities for University Students,Microsoft,https://www.linkedin.com/jobs/view/product-management-intern-opportunities-for-university-students-at-microsoft-3203330693?refId=tJxU5xYPeZBARHH8ysPsaQ%3D%3D&trackingId=XBB%2FvbCwTPJ%2BNBZkytr25A%3D%3D&position=9&pageNum=1&trk=public_jobs_jserp-result_search-card
Product Management: Intern Opportunities for University Students,Microsoft,https://www.linkedin.com/jobs/view/product-management-intern-opportunities-for-university-students-at-microsoft-3203332381?refId=tJxU5xYPeZBARHH8ysPsaQ%3D%3D&trackingId=cCwsctpuk30Ivzw8ORY3hw%3D%3D&position=10&pageNum=1&trk=public_jobs_jserp-result_search-card
Product Management: Intern Opportunities for University Students,Microsoft,https://www.linkedin.com/jobs/view/product-management-intern-opportunities-for-university-students-at-microsoft-3203332380?refId=tJxU5xYPeZBARHH8ysPsaQ%3D%3D&trackingId=RPZ7bsuJ1BoDQOkwSWGwug%3D%3D&position=11&pageNum=1&trk=public_jobs_jserp-result_search-card
Product Management: Intern Opportunities for University Students,Microsoft,https://www.linkedin.com/jobs/view/product-management-intern-opportunities-for-university-students-at-microsoft-3203334097?refId=tJxU5xYPeZBARHH8ysPsaQ%3D%3D&trackingId=xXvPqqCKq6XTlVTu4XrIDA%3D%3D&position=12&pageNum=1&trk=public_jobs_jserp-result_search-card
Product Management: Intern Opportunities for University Students,Microsoft,https://www.linkedin.com/jobs/view/product-management-intern-opportunities-for-university-students-at-microsoft-3203332379?refId=tJxU5xYPeZBARHH8ysPsaQ%3D%3D&trackingId=HKbpyGG8DBD9cCkwZPjONA%3D%3D&position=13&pageNum=1&trk=public_jobs_jserp-result_search-card
Product Management: Intern Opportunities for University Students,Microsoft,https://www.linkedin.com/jobs/view/product-management-intern-opportunities-for-university-students-at-microsoft-3203334117?refId=tJxU5xYPeZBARHH8ysPsaQ%3D%3D&trackingId=WkA%2BkZTr66Gk1TqwsKcuqQ%3D%3D&position=14&pageNum=1&trk=public_jobs_jserp-result_search-card
Product Management: Intern Opportunities for University Students,Microsoft,https://www.linkedin.com/jobs/view/product-management-intern-opportunities-for-university-students-at-microsoft-3203332363?refId=tJxU5xYPeZBARHH8ysPsaQ%3D%3D&trackingId=UXXH62ntZrD7xLe8lLdcrQ%3D%3D&position=15&pageNum=1&trk=public_jobs_jserp-result_search-card
Product Management: Intern Opportunities for University Students,Microsoft,https://www.linkedin.com/jobs/view/product-management-intern-opportunities-for-university-students-at-microsoft-3203333209?refId=tJxU5xYPeZBARHH8ysPsaQ%3D%3D&trackingId=psO1dcnaT55Dk4kxNUbYTA%3D%3D&position=16&pageNum=1&trk=public_jobs_jserp-result_search-card
Product Management: Intern Opportunities for University Students,Microsoft,https://www.linkedin.com/jobs/view/product-management-intern-opportunities-for-university-students-at-microsoft-3203327998?refId=tJxU5xYPeZBARHH8ysPsaQ%3D%3D&trackingId=xtKqEM8s%2F6oQBS79C2Iz9g%3D%3D&position=17&pageNum=1&trk=public_jobs_jserp-result_search-card
Product Management: Intern Opportunities for University Students,Microsoft,https://www.linkedin.com/jobs/view/product-management-intern-opportunities-for-university-students-at-microsoft-3203332376?refId=tJxU5xYPeZBARHH8ysPsaQ%3D%3D&trackingId=ZToDPCytPUDP%2BJRYv%2FU0Pg%3D%3D&position=18&pageNum=1&trk=public_jobs_jserp-result_search-card
Product Management: Intern Opportunities for University Students,Microsoft,https://www.linkedin.com/jobs/view/product-management-intern-opportunities-for-university-students-at-microsoft-3203334099?refId=tJxU5xYPeZBARHH8ysPsaQ%3D%3D&trackingId=kuQ3cJ8JtKatAIUQY9%2BYkA%3D%3D&position=19&pageNum=1&trk=public_jobs_jserp-result_search-card
Product Management: Intern Opportunities for University Students,Microsoft,https://www.linkedin.com/jobs/view/product-management-intern-opportunities-for-university-students-at-microsoft-3203328876?refId=tJxU5xYPeZBARHH8ysPsaQ%3D%3D&trackingId=qkCK4tFoK20HnWA9pPzjcQ%3D%3D&position=20&pageNum=1&trk=public_jobs_jserp-result_search-card
Product Management: Intern Opportunities for University Students,Microsoft,https://www.linkedin.com/jobs/view/product-management-intern-opportunities-for-university-students-at-microsoft-3203330691?refId=tJxU5xYPeZBARHH8ysPsaQ%3D%3D&trackingId=9vmTvEJXGIpxo425L47CSw%3D%3D&position=21&pageNum=1&trk=public_jobs_jserp-result_search-card
Product Management: Intern Opportunities for University Students,Microsoft,https://www.linkedin.com/jobs/view/product-management-intern-opportunities-for-university-students-at-microsoft-3203329833?refId=tJxU5xYPeZBARHH8ysPsaQ%3D%3D&trackingId=USbehGe5IiuU3NWsy6s9kA%3D%3D&position=22&pageNum=1&trk=public_jobs_jserp-result_search-card
Product Management: Intern Opportunities for University Students,Microsoft,https://www.linkedin.com/jobs/view/product-management-intern-opportunities-for-university-students-at-microsoft-3203331502?refId=tJxU5xYPeZBARHH8ysPsaQ%3D%3D&trackingId=VXjWkoVoT495KytGIevw6g%3D%3D&position=23&pageNum=1&trk=public_jobs_jserp-result_search-card
Product Management: Intern Opportunities for University Students,Microsoft,https://www.linkedin.com/jobs/view/product-management-intern-opportunities-for-university-students-at-microsoft-3203333218?refId=tJxU5xYPeZBARHH8ysPsaQ%3D%3D&trackingId=UdmweGtvMyqfNsc4fyJ1Dg%3D%3D&position=24&pageNum=1&trk=public_jobs_jserp-result_search-card
Product Management: Intern Opportunities for University Students,Microsoft,https://www.linkedin.com/jobs/view/product-management-intern-opportunities-for-university-students-at-microsoft-3203330695?refId=tJxU5xYPeZBARHH8ysPsaQ%3D%3D&trackingId=bgV6R%2Bor8AVS4nL1OHDeeA%3D%3D&position=25&pageNum=1&trk=public_jobs_jserp-result_search-card
Product Management: Intern Opportunities for University Students,Microsoft,https://www.linkedin.com/jobs/view/product-management-intern-opportunities-for-university-students-at-microsoft-3203328885?refId=LnAeE0jd8MSbzOwXWsWxlQ%3D%3D&trackingId=EC2omrJ7vjdoZKXWSDJ4GA%3D%3D&position=1&pageNum=2&trk=public_jobs_jserp-result_search-card
Product Management: Intern Opportunities for University Students,Microsoft,https://www.linkedin.com/jobs/view/product-management-intern-opportunities-for-university-students-at-microsoft-3203331492?refId=LnAeE0jd8MSbzOwXWsWxlQ%3D%3D&trackingId=lcHUzXaNr6VSok4a23C7ng%3D%3D&position=2&pageNum=2&trk=public_jobs_jserp-result_search-card
Product Management: Intern Opportunities for University Students,Microsoft,https://www.linkedin.com/jobs/view/product-management-intern-opportunities-for-university-students-at-microsoft-3203329834?refId=LnAeE0jd8MSbzOwXWsWxlQ%3D%3D&trackingId=tsPHCHYbaK6xNojDMGnSzg%3D%3D&position=3&pageNum=2&trk=public_jobs_jserp-result_search-card
Product Management: Intern Opportunities for University Students,Microsoft,https://www.linkedin.com/jobs/view/product-management-intern-opportunities-for-university-students-at-microsoft-3203334118?refId=LnAeE0jd8MSbzOwXWsWxlQ%3D%3D&trackingId=ZfmaVSeWVF%2B0j0fDBEmwJg%3D%3D&position=4&pageNum=2&trk=public_jobs_jserp-result_search-card
Product Management: Intern Opportunities for University Students,Microsoft,https://www.linkedin.com/jobs/view/product-management-intern-opportunities-for-university-students-at-microsoft-3203331487?refId=LnAeE0jd8MSbzOwXWsWxlQ%3D%3D&trackingId=wnb7K%2B4QEvcDTEA0kcvxog%3D%3D&position=5&pageNum=2&trk=public_jobs_jserp-result_search-card
Product Management: Intern Opportunities for University Students,Microsoft,https://www.linkedin.com/jobs/view/product-management-intern-opportunities-for-university-students-at-microsoft-3203331499?refId=LnAeE0jd8MSbzOwXWsWxlQ%3D%3D&trackingId=tSr5r%2FBQbWDUb6NYsYRewA%3D%3D&position=6&pageNum=2&trk=public_jobs_jserp-result_search-card
Product Management: Intern Opportunities for University Students,Microsoft,https://www.linkedin.com/jobs/view/product-management-intern-opportunities-for-university-students-at-microsoft-3203334102?refId=LnAeE0jd8MSbzOwXWsWxlQ%3D%3D&trackingId=CrmhbdOmXIl%2BRCRQsGQ%2BSg%3D%3D&position=7&pageNum=2&trk=public_jobs_jserp-result_search-card
Product Management: Intern Opportunities for University Students,Microsoft,https://www.linkedin.com/jobs/view/product-management-intern-opportunities-for-university-students-at-microsoft-3203331496?refId=LnAeE0jd8MSbzOwXWsWxlQ%3D%3D&trackingId=uG9z6mfXpvQwTFt2Mukp7Q%3D%3D&position=8&pageNum=2&trk=public_jobs_jserp-result_search-card
Product Management: Intern Opportunities for University Students,Microsoft,https://www.linkedin.com/jobs/view/product-management-intern-opportunities-for-university-students-at-microsoft-3203327996?refId=LnAeE0jd8MSbzOwXWsWxlQ%3D%3D&trackingId=Cq64JFXf7j%2FDj9Sn5bKfSg%3D%3D&position=9&pageNum=2&trk=public_jobs_jserp-result_search-card
"Product Management: Intern Opportunities for University Students, Atlanta, GA",Microsoft,https://www.linkedin.com/jobs/view/product-management-intern-opportunities-for-university-students-atlanta-ga-at-microsoft-3203333237?refId=LnAeE0jd8MSbzOwXWsWxlQ%3D%3D&trackingId=SwQeJok9bUsNFMuxfmD7vw%3D%3D&position=10&pageNum=2&trk=public_jobs_jserp-result_search-card
Summer 2023 Intern - Associate Product Manager (APM),Salesforce,https://www.linkedin.com/jobs/view/summer-2023-intern-associate-product-manager-apm-at-salesforce-3266820762?refId=LnAeE0jd8MSbzOwXWsWxlQ%3D%3D&trackingId=0hs3%2BFw7Az5V7WKS%2FJr39Q%3D%3D&position=11&pageNum=2&trk=public_jobs_jserp-result_search-card
Product Management: Intern Opportunities for University Students,Microsoft,https://www.linkedin.com/jobs/view/product-management-intern-opportunities-for-university-students-at-microsoft-3203332372?refId=LnAeE0jd8MSbzOwXWsWxlQ%3D%3D&trackingId=VRs%2FJcAgbkBlMPS1HKWcIA%3D%3D&position=12&pageNum=2&trk=public_jobs_jserp-result_search-card
Product Management: Intern Opportunities for University Students,Microsoft,https://www.linkedin.com/jobs/view/product-management-intern-opportunities-for-university-students-at-microsoft-3203331495?refId=LnAeE0jd8MSbzOwXWsWxlQ%3D%3D&trackingId=a9%2FxAKYlETuMDinoESs5sg%3D%3D&position=13&pageNum=2&trk=public_jobs_jserp-result_search-card
Product Management: Intern Opportunities for University Students,Microsoft,https://www.linkedin.com/jobs/view/product-management-intern-opportunities-for-university-students-at-microsoft-3203334100?refId=LnAeE0jd8MSbzOwXWsWxlQ%3D%3D&trackingId=2QQO5Z1LDPvOhTbUzmDTBw%3D%3D&position=14&pageNum=2&trk=public_jobs_jserp-result_search-card
Product Management: Intern Opportunities for University Students,Microsoft,https://www.linkedin.com/jobs/view/product-management-intern-opportunities-for-university-students-at-microsoft-3203332373?refId=LnAeE0jd8MSbzOwXWsWxlQ%3D%3D&trackingId=LmXU7asa6Ukk27DjXXyT7A%3D%3D&position=15&pageNum=2&trk=public_jobs_jserp-result_search-card
Product Management: Intern Opportunities for University Students,Microsoft,https://www.linkedin.com/jobs/view/product-management-intern-opportunities-for-university-students-at-microsoft-3203329838?refId=LnAeE0jd8MSbzOwXWsWxlQ%3D%3D&trackingId=A5Dmrz6JJcKY3kq0VvU%2FDA%3D%3D&position=16&pageNum=2&trk=public_jobs_jserp-result_search-card
Product Management: Intern Opportunities for University Students,Microsoft,https://www.linkedin.com/jobs/view/product-management-intern-opportunities-for-university-students-at-microsoft-3203330683?refId=LnAeE0jd8MSbzOwXWsWxlQ%3D%3D&trackingId=KLlfyQeKHCU14kb%2BWeCtDg%3D%3D&position=17&pageNum=2&trk=public_jobs_jserp-result_search-card
Product Manager Intern,WayUp,https://www.linkedin.com/jobs/view/product-manager-intern-at-wayup-3259915526?refId=LnAeE0jd8MSbzOwXWsWxlQ%3D%3D&trackingId=D17v60U0DIR7uFQOui5gjA%3D%3D&position=18&pageNum=2&trk=public_jobs_jserp-result_search-card
Product Management: Intern Opportunities for University Students,Microsoft,https://www.linkedin.com/jobs/view/product-management-intern-opportunities-for-university-students-at-microsoft-3203331498?refId=LnAeE0jd8MSbzOwXWsWxlQ%3D%3D&trackingId=eaoFvjlVqz50yYTydkSQCg%3D%3D&position=19&pageNum=2&trk=public_jobs_jserp-result_search-card
Product Management: Intern Opportunities for University Students,Microsoft,https://www.linkedin.com/jobs/view/product-management-intern-opportunities-for-university-students-at-microsoft-3203331501?refId=LnAeE0jd8MSbzOwXWsWxlQ%3D%3D&trackingId=rB%2FqlorafFXlz43Q7Z9B5g%3D%3D&position=20&pageNum=2&trk=public_jobs_jserp-result_search-card
Product Management: Intern Opportunities for University Students,Microsoft,https://www.linkedin.com/jobs/view/product-management-intern-opportunities-for-university-students-at-microsoft-3203327993?refId=LnAeE0jd8MSbzOwXWsWxlQ%3D%3D&trackingId=ELPnFQ%2Byq5ss8yNG6PucxQ%3D%3D&position=21&pageNum=2&trk=public_jobs_jserp-result_search-card
Assoc. Product Manager Intern (Tech) - Bachelors,ServiceNow,https://www.linkedin.com/jobs/view/assoc-product-manager-intern-tech-bachelors-at-servicenow-3261120575?refId=LnAeE0jd8MSbzOwXWsWxlQ%3D%3D&trackingId=pFLvF3O6AMrmkWbzN4trqA%3D%3D&position=22&pageNum=2&trk=public_jobs_jserp-result_search-card
Product Management: Intern Opportunities for University Students,Microsoft,https://www.linkedin.com/jobs/view/product-management-intern-opportunities-for-university-students-at-microsoft-3203335003?refId=LnAeE0jd8MSbzOwXWsWxlQ%3D%3D&trackingId=jJR6vmDJQa1AyMBWqIwI7Q%3D%3D&position=23&pageNum=2&trk=public_jobs_jserp-result_search-card
Product Manager MBA (Intern) United States,Cisco,https://www.linkedin.com/jobs/view/product-manager-mba-intern-united-states-at-cisco-3263992053?refId=LnAeE0jd8MSbzOwXWsWxlQ%3D%3D&trackingId=MXv79d3ZDP%2FKB84JlwQkNA%3D%3D&position=24&pageNum=2&trk=public_jobs_jserp-result_search-card
Product Management: Intern Opportunities for University Students,Microsoft,https://www.linkedin.com/jobs/view/product-management-intern-opportunities-for-university-students-at-microsoft-3203332375?refId=LnAeE0jd8MSbzOwXWsWxlQ%3D%3D&trackingId=Vrhc67MjHwBg1GsvY2WNXQ%3D%3D&position=25&pageNum=2&trk=public_jobs_jserp-result_search-card
Product Management: Intern Opportunities for University Students,Microsoft,https://www.linkedin.com/jobs/view/product-management-intern-opportunities-for-university-students-at-microsoft-3203328877?refId=%2ByfVXuMSslJXYr7Y4%2B8wnw%3D%3D&trackingId=scmQbCV1JyGD7f8l7Ny%2Bug%3D%3D&position=1&pageNum=3&trk=public_jobs_jserp-result_search-card
Product Manager MBA (Intern) United States,Cisco,https://www.linkedin.com/jobs/view/product-manager-mba-intern-united-states-at-cisco-3263985835?refId=%2ByfVXuMSslJXYr7Y4%2B8wnw%3D%3D&trackingId=QeCJ48HDE%2FRCPWFhH4RI2Q%3D%3D&position=2&pageNum=3&trk=public_jobs_jserp-result_search-card
Product Management Undergraduate Intern (Remote),The Home Depot,https://www.linkedin.com/jobs/view/product-management-undergraduate-intern-remote-at-the-home-depot-3266886178?refId=%2ByfVXuMSslJXYr7Y4%2B8wnw%3D%3D&trackingId=ZA46wEvzXhJZYKdAnGgoUg%3D%3D&position=3&pageNum=3&trk=public_jobs_jserp-result_search-card
Associate I,BlueFire HR by FutureSense,https://www.linkedin.com/jobs/view/associate-i-at-bluefire-hr-by-futuresense-3234804461?refId=%2ByfVXuMSslJXYr7Y4%2B8wnw%3D%3D&trackingId=hl3WU7SvAO1T%2BpIU0mxsuA%3D%3D&position=4&pageNum=3&trk=public_jobs_jserp-result_search-card
Product Management: Intern Opportunities for University Students,Microsoft,https://www.linkedin.com/jobs/view/product-management-intern-opportunities-for-university-students-at-microsoft-3203328883?refId=%2ByfVXuMSslJXYr7Y4%2B8wnw%3D%3D&trackingId=y0zrktBXCG2hltzmtmO1xg%3D%3D&position=5&pageNum=3&trk=public_jobs_jserp-result_search-card
Worldwide ThinkPad Product Manager Intern - Summer '23,Lenovo,https://www.linkedin.com/jobs/view/worldwide-thinkpad-product-manager-intern-summer-23-at-lenovo-3263986757?refId=%2ByfVXuMSslJXYr7Y4%2B8wnw%3D%3D&trackingId=bwcAJFZrDsJwjZCELCDWDw%3D%3D&position=6&pageNum=3&trk=public_jobs_jserp-result_search-card
Product Manager Intern (Tech) - MBA,ServiceNow,https://www.linkedin.com/jobs/view/product-manager-intern-tech-mba-at-servicenow-3261119609?refId=%2ByfVXuMSslJXYr7Y4%2B8wnw%3D%3D&trackingId=oU4Wvdxk5G8S6%2FcWsJQs6g%3D%3D&position=7&pageNum=3&trk=public_jobs_jserp-result_search-card
Product Management: Intern Opportunities for University Students,Microsoft,https://www.linkedin.com/jobs/view/product-management-intern-opportunities-for-university-students-at-microsoft-3203330692?refId=%2ByfVXuMSslJXYr7Y4%2B8wnw%3D%3D&trackingId=1hin%2FPhGJVvykaw77A9iqw%3D%3D&position=8&pageNum=3&trk=public_jobs_jserp-result_search-card
Intern - Product Manager,Micron Technology,https://www.linkedin.com/jobs/view/intern-product-manager-at-micron-technology-3254952959?refId=%2ByfVXuMSslJXYr7Y4%2B8wnw%3D%3D&trackingId=8Pk3TpZN8baGVrEg3KRh7A%3D%3D&position=9&pageNum=3&trk=public_jobs_jserp-result_search-card
Product Management Internship,Blizzard Entertainment,https://www.linkedin.com/jobs/view/product-management-internship-at-blizzard-entertainment-3257356911?refId=%2ByfVXuMSslJXYr7Y4%2B8wnw%3D%3D&trackingId=nZI1BlaJ3MTzT%2BoWncvYCQ%3D%3D&position=10&pageNum=3&trk=public_jobs_jserp-result_search-card
Product Management: 2023 Internship,Redfin,https://www.linkedin.com/jobs/view/product-management-2023-internship-at-redfin-3223518336?refId=%2ByfVXuMSslJXYr7Y4%2B8wnw%3D%3D&trackingId=wqnyiXRvYorN8Vo6ICfJtA%3D%3D&position=11&pageNum=3&trk=public_jobs_jserp-result_search-card
Product Manager Intern - Business Enablement,Viasat Inc.,https://www.linkedin.com/jobs/view/product-manager-intern-business-enablement-at-viasat-inc-3261635181?refId=%2ByfVXuMSslJXYr7Y4%2B8wnw%3D%3D&trackingId=wtnRPHpNkGGgoBBscC%2BkHw%3D%3D&position=12&pageNum=3&trk=public_jobs_jserp-result_search-card
Product Management: 2023 Internship,Redfin,https://www.linkedin.com/jobs/view/product-management-2023-internship-at-redfin-3223514459?refId=%2ByfVXuMSslJXYr7Y4%2B8wnw%3D%3D&trackingId=7jZ%2BoX%2BRHO5nrosQ5%2F8Nuw%3D%3D&position=13&pageNum=3&trk=public_jobs_jserp-result_search-card
Product Management: Intern Opportunities for University Students,Microsoft,https://www.linkedin.com/jobs/view/product-management-intern-opportunities-for-university-students-at-microsoft-3203334103?refId=%2ByfVXuMSslJXYr7Y4%2B8wnw%3D%3D&trackingId=RERWj6I5uiD3EkQn9aWBGA%3D%3D&position=14&pageNum=3&trk=public_jobs_jserp-result_search-card
Technical Product Manager Intern,CNH Industrial,https://www.linkedin.com/jobs/view/technical-product-manager-intern-at-cnh-industrial-3259607150?refId=%2ByfVXuMSslJXYr7Y4%2B8wnw%3D%3D&trackingId=mWpEw4bDdyj7cBkWe5H%2BYA%3D%3D&position=15&pageNum=3&trk=public_jobs_jserp-result_search-card
Product Manager Intern,TE Connectivity,https://www.linkedin.com/jobs/view/product-manager-intern-at-te-connectivity-3261950792?refId=%2ByfVXuMSslJXYr7Y4%2B8wnw%3D%3D&trackingId=SGf7CUC1qgWCXqBoH8WBPg%3D%3D&position=16&pageNum=3&trk=public_jobs_jserp-result_search-card
Product Manager Intern - Analytics,Oracle,https://www.linkedin.com/jobs/view/product-manager-intern-analytics-at-oracle-3248375840?refId=%2ByfVXuMSslJXYr7Y4%2B8wnw%3D%3D&trackingId=Bs7pLSbQCp2t2Nz%2FW8WMUw%3D%3D&position=17&pageNum=3&trk=public_jobs_jserp-result_search-card
Assoc. Product Manager Intern (Tech) - Bachelors,Explore Job Search,https://www.linkedin.com/jobs/view/assoc-product-manager-intern-tech-bachelors-at-explore-job-search-3262861928?refId=%2ByfVXuMSslJXYr7Y4%2B8wnw%3D%3D&trackingId=0Yhzu%2F05VzuYqH2UxO%2FIIw%3D%3D&position=18&pageNum=3&trk=public_jobs_jserp-result_search-card
Product Manager Intern - $20.00/hr. Must be in located in Des Moines area,"SHAZAM Network - ITS, Inc.",https://www.linkedin.com/jobs/view/product-manager-intern-%2420-00-hr-must-be-in-located-in-des-moines-area-at-shazam-network-its-inc-3244091403?refId=%2ByfVXuMSslJXYr7Y4%2B8wnw%3D%3D&trackingId=4nHdYw4wVPTY%2BTRvgyiSiQ%3D%3D&position=19&pageNum=3&trk=public_jobs_jserp-result_search-card
Product Management: 2023 Internship,Redfin,https://www.linkedin.com/jobs/view/product-management-2023-internship-at-redfin-3223516453?refId=%2ByfVXuMSslJXYr7Y4%2B8wnw%3D%3D&trackingId=XLCJ6X3JGJYisKcFwHgusw%3D%3D&position=20&pageNum=3&trk=public_jobs_jserp-result_search-card
"Product Manager Intern (Tech) - Masters, Non-MBA",ServiceNow,https://www.linkedin.com/jobs/view/product-manager-intern-tech-masters-non-mba-at-servicenow-3261124229?refId=%2ByfVXuMSslJXYr7Y4%2B8wnw%3D%3D&trackingId=YC3vVxhf4SXp0tS2%2F54cBg%3D%3D&position=21&pageNum=3&trk=public_jobs_jserp-result_search-card
Worldwide ThinkPad Product Manager Intern - Spring '23,Lenovo,https://www.linkedin.com/jobs/view/worldwide-thinkpad-product-manager-intern-spring-23-at-lenovo-3263988361?refId=%2ByfVXuMSslJXYr7Y4%2B8wnw%3D%3D&trackingId=4%2BtNZ2lI4LUNGGmGW8f7mg%3D%3D&position=22&pageNum=3&trk=public_jobs_jserp-result_search-card
Technical Product Management Intern (MBA),Riot Games,https://www.linkedin.com/jobs/view/technical-product-management-intern-mba-at-riot-games-3249335249?refId=%2ByfVXuMSslJXYr7Y4%2B8wnw%3D%3D&trackingId=V0ROhiYgD9F5e0reVofADg%3D%3D&position=23&pageNum=3&trk=public_jobs_jserp-result_search-card
Digital Technology (DT) - Jr. Product Manager Intern,ServiceNow,https://www.linkedin.com/jobs/view/digital-technology-dt-jr-product-manager-intern-at-servicenow-3260625003?refId=%2ByfVXuMSslJXYr7Y4%2B8wnw%3D%3D&trackingId=EDCexGS4bpDrs%2FqPQPclJw%3D%3D&position=24&pageNum=3&trk=public_jobs_jserp-result_search-card
Applications Engineering Product Management Internship (Spring 2023),Tesla,https://www.linkedin.com/jobs/view/applications-engineering-product-management-internship-spring-2023-at-tesla-3233554397?refId=%2ByfVXuMSslJXYr7Y4%2B8wnw%3D%3D&trackingId=QI4nL8yYlOuq6vO4jZ%2B27Q%3D%3D&position=25&pageNum=3&trk=public_jobs_jserp-result_search-card
